R_ 1,R_ 2,R_ 3,R_ 4,R_ 5,R_ 6,R_ 7,R_ 8,R_ 9,R_10,R_11,R_12,R_13,R_14,R_15,R_16,R_17,R_18,R_19,R_20,R_21,R_22,R_23,R_24,R_25,R_26,R_27,R_28,R_29,R_30,R_31,R_32,R_33,R_34,R_35,R_36,R_37,R_38,R_39,R_40,R_41,R_42,R_43,R_44,R_45,R_46,R_47,R_48,R_49,R_50,T,max_ 1,max_ 2,max_ 3,max_ 4,max_ 5,max_ 6,max_ 7,max_ 8,max_ 9,max_10,max_11,max_12,max_13,max_14,max_15,max_16,max_17,max_18,max_19,max_20,max_21,max_22,max_23,max_24,max_25,max_26,max_27,max_28,max_29,max_30,max_31,max_32,max_33,max_34,max_35,max_36,max_37,max_38,max_39,max_40,max_41,max_42,max_43,max_44,max_45,max_46,max_47,max_48,max_49,max_50
0.00705235674726406,0.00682759577503858,0.00687395356946603,0.00700611739392957,0.0065789450377409,0.00694477324372799,0.00753505888059811,0.0069197633709596,0.00719715432455782,0.00728854993794339,0.00770623381668664,0.0067672972047156,0.00650800515958597,0.00707570661366959,0.00723816360824178,0.00733042463155143,0.00678608989377077,0.00730878888976227,0.00687413117372401,0.00717616336358068,0.00678109114888593,0.00703487043834179,0.00706130591297288,0.00654673499546695,0.00718603148934531,0.00770622990177942,0.00703739824753668,0.00732829341377501,0.00704688239189449,0.00751003446689398,0.00733939807455448,0.00679880981351694,0.00703264338200134,0.00707434887860686,0.00670973908722613,0.00682570955667315,0.0065624127838489,0.00672719518150115,0.00666650084218809,0.00691810634570144,0.00686455384654788,0.0074574287625717,0.00793464494733208,0.00755134985093641,0.00709417866486237,0.00713105612540033,0.00695067985530083,0.0069344231645603,0.00690944890798208,0.007691410727276,0,0.259846492018306,0.259846492018306,0.222022208531803,0.259846492018306,0.200165226963507,0.201807841835259,0.235192241080707,0.245648930880159,0.211136890951276,0.245648930880159,0.259846492018306,0.245648930880159,0.222022208531803,0.222022208531803,0.235192241080707,0.259846492018306,0.200165226963507,0.245648930880159,0.191666064851592,0.245648930880159,0.222022208531803,0.259846492018306,0.20725705873363,0.190150765741252,0.222022208531803,0.245648930880159,0.203778274919215,0.259846492018306,0.235192241080707,0.245648930880159,0.222022208531803,0.187989199688664,0.20725705873363,0.259846492018306,0.216753559693319,0.235192241080707,0.211136890951276,0.235192241080707,0.201807841835259,0.245648930880159,0.259846492018306,0.20725705873363,0.259846492018306,0.259846492018306,0.216753559693319,0.259846492018306,0.201807841835259,0.203778274919215,0.245648930880159,0.245648930880159
0.141047134945281,0.136533964452724,0.137320937947252,0.142224176260348,0.131120173563532,0.138949104555587,0.153652814159702,0.136622172058632,0.143943086491156,0.145541128481079,0.15041592466971,0.133234598780644,0.129973943455523,0.141578035153885,0.147778445767844,0.141693908163383,0.130639213891312,0.16948219035269,0.137735683824351,0.146631326203515,0.129023989469006,0.139866446306338,0.133282259106879,0.130934699909339,0.143232076755044,0.145192691662931,0.140747964950734,0.146499798965617,0.140436372511659,0.150052778203594,0.143798662523786,0.132956491844097,0.130137813552048,0.134330339725394,0.115203832766833,0.132255141076214,0.130099070852952,0.134301027368329,0.131509805857783,0.145491269128013,0.136833962984226,0.148992601498659,0.154963470875707,0.136101918834779,0.135729912618341,0.136073933777588,0.141589041827844,0.139065714128389,0.124968635762624,0.153228144074413,200,0.259846492018306,0.259846492018306,0.222022208531803,0.259846492018306,0.200165226963507,0.201807841835259,0.26091624712421,0.245648930880159,0.211136890951276,0.245648930880159,0.259846492018306,0.245648930880159,0.222022208531803,0.222022208531803,0.235192241080707,0.259846492018306,0.206730839981374,0.308139534883721,0.191666064851592,0.245648930880159,0.222022208531803,0.259846492018306,0.224476118749675,0.190150765741252,0.222022208531803,0.245648930880159,0.203778274919215,0.259846492018306,0.235192241080707,0.245648930880159,0.222022208531803,0.227679742943128,0.20725705873363,0.259846492018306,0.226744186046512,0.235192241080707,0.211136890951276,0.235192241080707,0.201807841835259,0.245648930880159,0.259846492018306,0.20725705873363,0.294013733151317,0.259846492018306,0.276815460176079,0.259846492018306,0.231140001657575,0.203778274919215,0.270494274432757,0.245648930880159
0.14081401478141,0.134253770313408,0.124000202087665,0.148196614617316,0.114493220051064,0.137600387049621,0.164877747672942,0.121828029714068,0.134226784354879,0.133855052106667,0.152376228341192,0.122515259310499,0.124455600452677,0.130075260054048,0.156565288190083,0.159308656857514,0.134189640650539,0.22608995653592,0.131448790377002,0.163220463863329,0.110463291484705,0.132921792461185,0.134340825893881,0.113734725457332,0.13473014888918,0.17289195286264,0.142401706246308,0.170043690330373,0.133061303307937,0.154382100924102,0.145117981879756,0.120389950682859,0.129973746981688,0.122525393165726,0.0902575123684981,0.121327624260742,0.111528535478838,0.134757331348012,0.130691998079447,0.149270872842431,0.132222572769677,0.12729557372759,0.151808216279741,0.141085056785542,0.129285470886178,0.120776017035077,0.142325525822019,0.130911537271439,0.108918397613637,0.144400202854345,400,0.259846492018306,0.259846492018306,0.222022208531803,0.263411279229711,0.211428571428572,0.201807841835259,0.359866106603816,0.245648930880159,0.231771705896627,0.262106001687095,0.280785246876859,0.270732736601293,0.222022208531803,0.222022208531803,0.270837644294012,0.265715459246767,0.200165226963507,0.306773935690158,0.191666064851592,0.245648930880159,0.193692846333321,0.259846492018306,0.242747776242916,0.190150765741252,0.222022208531803,0.272800972841508,0.213078344026103,0.279384088964927,0.235192241080707,0.245648930880159,0.248097897560049,0.224100768720266,0.278539415101074,0.259846492018306,0.216753559693319,0.252264431350055,0.224598255582538,0.235192241080707,0.201807841835259,0.336475023562677,0.259846492018306,0.20725705873363,0.306092067803894,0.243723805088692,0.276815460176079,0.298304333915783,0.234609201991929,0.203778274919215,0.245648930880159,0.249689302908584
0.130344770847402,0.132015711425943,0.131505042533511,0.142793100059829,0.118557067867567,0.12947170335399,0.173046127024921,0.165098720642752,0.134317801698802,0.129545510725483,0.155877415966759,0.159545352482552,0.122636887992718,0.114408609328825,0.18261898919745,0.164833625992748,0.13246340639478,0.246050843916183,0.127965708980022,0.169882740179573,0.111563845586486,0.153243785562522,0.139702964483696,0.121373854257319,0.125478729930216,0.164094859120592,0.143125265330578,0.182602011230913,0.124325487122593,0.144310646782213,0.128285572082044,0.137644576948265,0.162278370835879,0.12782254950713,0.10810636550305,0.135905477119797,0.126861687892028,0.126149984174814,0.0975120005177778,0.176217021574182,0.138251119791037,0.140681810687042,0.179423845464505,0.141787417506273,0.138550243966546,0.156813009212112,0.139604061804577,0.118999393609381,0.129415271457024,0.149320983006834,600,0.259846492018306,0.259846492018306,0.222022208531803,0.263411279229711,0.18551515181085,0.238257362298144,0.25807741817472,0.265005272559021,0.231771705896627,0.245648930880159,0.276393715432431,0.27139117083612,0.222022208531803,0.201807841835259,0.270837644294012,0.263255813953489,0.227127435502009,0.325095867064337,0.191666064851592,0.27529692891785,0.236816775800426,0.259846492018306,0.250719502081161,0.190150765741252,0.248819641170916,0.272800972841508,0.203778274919215,0.279384088964927,0.235192241080707,0.245648930880159,0.267891844548587,0.224100768720266,0.305760414590393,0.259846492018306,0.221726216475932,0.235192241080707,0.211136890951276,0.236106443355629,0.201807841835259,0.245648930880159,0.259846492018306,0.211266854846911,0.312342569269521,0.252931591740791,0.216753559693319,0.320667704959244,0.241477943988901,0.203778274919215,0.245648930880159,0.245648930880159
0.129939124600492,0.145439969154637,0.123467561811898,0.140358019250481,0.124811043392059,0.131166302531333,0.176600492587908,0.163124739349445,0.152530350291951,0.149026837375586,0.164173937485231,0.149020233190715,0.106287855187091,0.127515752737532,0.190939884078653,0.186889099204479,0.128200449362109,0.242723566646316,0.121175324945294,0.17625110356232,0.130155744031263,0.157792400080132,0.147345289504698,0.101660476237402,0.111948021837119,0.162877350783625,0.102652853759769,0.176140959122098,0.157375071535198,0.137251953004655,0.157397492919708,0.131461687230166,0.15924378866904,0.152694469240639,0.110981891954738,0.143573227240919,0.128872188389182,0.129794273837438,0.107871403719417,0.173650345695358,0.128606438707269,0.115399682564114,0.157425126320616,0.151396866683303,0.150782283575337,0.179805230086558,0.134375540966008,0.126142715619197,0.164913651158744,0.154020071981335,800,0.259846492018306,0.238232184394164,0.222022208531803,0.263411279229711,0.18551515181085,0.221256913467292,0.240952461961063,0.32421310199088,0.231771705896627,0.271126084650085,0.259846492018306,0.246306718860467,0.222022208531803,0.201807841835259,0.270837644294012,0.30732258533608,0.240068595671863,0.321623956233804,0.191666064851592,0.339131644245641,0.191666064851592,0.259846492018306,0.295314037006303,0.190150765741252,0.264371902238933,0.272800972841508,0.240537127189905,0.279384088964927,0.235192241080707,0.363278008298755,0.271347085201794,0.226815726821626,0.305760414590393,0.266662006291506,0.216753559693319,0.235192241080707,0.211136890951276,0.235192241080707,0.231858584071477,0.245648930880159,0.272139199185409,0.254201980974411,0.279128032396019,0.225859628318407,0.235738882496057,0.326974486929785,0.231950052125031,0.230549497476896,0.288245610263338,0.245648930880159
0.137434085801832,0.132461857603326,0.118691415425713,0.164902002394169,0.117376950733706,0.121101186239599,0.17742522197951,0.17449603248404,0.136016476136783,0.152248934818179,0.177399494113069,0.149283142276019,0.103915374273925,0.127899965343525,0.216205247953196,0.178738854423297,0.135706413285922,0.239064256082207,0.104923315146886,0.17366939322277,0.12702685272012,0.185555194322684,0.171364155767957,0.107772460846712,0.106654255449698,0.167356545656229,0.109038344594819,0.18201331957949,0.160481301779262,0.196820416073139,0.162112626460058,0.130855408773934,0.160004011174079,0.157081541321088,0.111852190984669,0.133488945146638,0.130217538250511,0.131480001645734,0.108950162152389,0.178663603612526,0.134582120732795,0.109485069038216,0.178783261432106,0.145434509381297,0.149369291107912,0.226019194379844,0.164025047224312,0.141001429916722,0.16361380303216,0.157828962039343,1000,0.259846492018306,0.250408313016309,0.23514806491795,0.263411279229711,0.18551515181085,0.217341415350844,0.255862428348098,0.289049369591942,0.231771705896627,0.248273263845284,0.259846492018306,0.290499463583264,0.222022208531803,0.201807841835259,0.298849988812874,0.341256980071489,0.278026097705219,0.321623956233804,0.191666064851592,0.328058324051439,0.191666064851592,0.306256860592755,0.355885800028808,0.175097003899095,0.242854975708553,0.272800972841508,0.203778274919215,0.279384088964927,0.289867344058707,0.388181859693766,0.280430307457335,0.225495168932711,0.33382030679328,0.266138390636915,0.221661728631783,0.235192241080707,0.211136890951276,0.22502055832603,0.191393993724787,0.307430516165627,0.259846492018306,0.20725705873363,0.279128032396019,0.270017433712013,0.233867210692011,0.326974486929785,0.231140001657575,0.252279240655928,0.281792470404932,0.245648930880159
0.136594299053237,0.150901705297325,0.122886740840259,0.137029238311494,0.125616292205093,0.139650139777233,0.187245658731305,0.194663198258104,0.149475193874481,0.151340283219033,0.153372607229188,0.119595364439356,0.116564827539874,0.13043144727228,0.227002998830469,0.20330767595269,0.134326452708942,0.246804753092885,0.11696903075773,0.193394989683387,0.111281306130472,0.180262739547169,0.179418113022816,0.110507190742007,0.128060563404085,0.170047701957471,0.111222700403694,0.196375129700547,0.187833063788966,0.21155685518903,0.188704124803287,0.16128834899615,0.187150822784803,0.145715720126884,0.128531386157835,0.145780823470898,0.133305409490292,0.120337602535148,0.126102898332721,0.169302766011866,0.158493811813962,0.113312468227761,0.182131477138445,0.156258689468584,0.168246797345019,0.238105471075243,0.163175209822762,0.141121636827082,0.163597358096216,0.156518186004565,1200,0.259846492018306,0.275455360661637,0.221988305167628,0.263411279229711,0.202167931570504,0.225156925705308,0.257258140781137,0.305637982195846,0.254649459875025,0.289654507317308,0.266663587232667,0.246580016750938,0.2666598123123,0.273132795304475,0.298849988812874,0.343971796219644,0.261995945032665,0.322175732217573,0.199290883016665,0.287191424859246,0.191666064851592,0.274207618493748,0.310892040585885,0.169438202247191,0.211136890951276,0.332263242375602,0.206801805171167,0.318318516313279,0.378660612939841,0.39573266652258,0.280430307457335,0.217443012884044,0.33382030679328,0.290442349352382,0.206524199583674,0.235192241080707,0.211136890951276,0.270537736973888,0.191393993724787,0.288156184284561,0.259846492018306,0.20725705873363,0.279826666356033,0.225859628318407,0.248226576650749,0.33376371240062,0.231140001657575,0.289403602292052,0.332651723685935,0.245648930880159
0.146013195696528,0.160741513467295,0.137079869237762,0.18567318854345,0.129199372820705,0.150407889156014,0.183037418909759,0.212790524034842,0.161251158840099,0.140001531590584,0.175921005605868,0.158945241363236,0.125532066721413,0.130015336257975,0.227485484672505,0.242110448754118,0.164847377597355,0.245955604479864,0.128043196160685,0.198642526890022,0.104637785090061,0.18261013918752,0.176797732350596,0.0900251356218855,0.116944963396192,0.21192293071779,0.120369827060945,0.197954139128002,0.223617342263096,0.218679721482621,0.196930752222778,0.167475160357479,0.1784088398123,0.176860473820959,0.142159739227028,0.151582155535168,0.125468622504062,0.141938671644239,0.12207946772492,0.199266776697712,0.157881650511541,0.132715054460372,0.197370570794792,0.149251577033136,0.155544852000518,0.230355316210366,0.146822009019742,0.138585728299336,0.182919578634454,0.173705777366681,1400,0.259846492018306,0.218279611500213,0.221988305167628,0.280481137233461,0.208347978910369,0.219544150088601,0.240952461961063,0.310523904078204,0.228663123186597,0.245648930880159,0.259846492018306,0.275576654725086,0.237553941156944,0.234231599319369,0.298849988812874,0.341256980071489,0.261995945032665,0.321623956233804,0.196881013681977,0.267515104769251,0.248670055581694,0.278623689934744,0.333056691992986,0.18232621683455,0.246552753909892,0.332263242375602,0.203778274919215,0.279384088964927,0.378660612939841,0.340515760531396,0.324081843413154,0.228682323740363,0.345686077790292,0.266138390636915,0.26692627964133,0.235192241080707,0.228653060240383,0.23655876569594,0.193233818285101,0.351295566608773,0.259846492018306,0.232510545370255,0.279826666356033,0.275561821046521,0.242886465471019,0.326974486929785,0.231140001657575,0.289403602292052,0.286757038581856,0.245648930880159
0.159368556237471,0.178649532889159,0.143067793410013,0.181045029114327,0.134834002967551,0.132124096634839,0.184641874656554,0.22725057362266,0.149996752990764,0.138304956601912,0.180616035418078,0.163197818562067,0.133794360065257,0.139119528426322,0.22757093497024,0.246451621324315,0.145126297295332,0.255466873498542,0.120450554721737,0.200767712606664,0.115104868388205,0.198201314765814,0.187488161445443,0.101672725594151,0.103037884884918,0.195720375641345,0.107881665878523,0.211687786160581,0.215359532388257,0.226568656250059,0.197049018074332,0.160941146563475,0.19592975632223,0.158304299787235,0.138661138214257,0.115851773581261,0.131111069402689,0.145155236886431,0.124013107990828,0.215673362260929,0.154691813825876,0.1289524411303,0.2065535968203,0.170052446292302,0.169581555001933,0.212747015567804,0.146178744558205,0.151295562278185,0.197466405942422,0.172743947728058,1600,0.265009911067391,0.218279611500213,0.221988305167628,0.275185835418923,0.203196499921873,0.274403129405868,0.240952461961063,0.312200706609383,0.253336928677363,0.214072605647197,0.275403680060083,0.258372787634389,0.249791680020512,0.218756732770268,0.298849988812874,0.341256980071489,0.261995945032665,0.33637192342753,0.196881013681977,0.333475207490955,0.197293469530246,0.307692307692308,0.256376147098743,0.172625127681307,0.210762331838565,0.315111646437506,0.203778274919215,0.293627312253981,0.39019451925313,0.370559819393029,0.324081843413154,0.237159436081144,0.305760414590393,0.266138390636915,0.261080646851315,0.259327137059825,0.273910352391832,0.251094755300888,0.191393993724787,0.351295566608773,0.30087382605145,0.221097240775715,0.314680601094095,0.273788557339103,0.233867210692011,0.326974486929785,0.255977865070282,0.300114496642002,0.286915353848665,0.245648930880159
0.154150236249542,0.170487107458595,0.149830200177355,0.188683798802944,0.124548400388652,0.132325091984983,0.194433097957568,0.242139669650175,0.180088567236526,0.147529230883879,0.174571401827245,0.180911764503114,0.144880179474377,0.124902758013407,0.229462789962755,0.244908294707724,0.162893864176814,0.263185616242155,0.108856931497697,0.202531421022832,0.115351451832926,0.186456210062396,0.18501725832478,0.109228143791935,0.111748059590623,0.205619262087836,0.113990940479656,0.187155816264745,0.243916381234256,0.217825795681646,0.214129968718587,0.154248521234376,0.20859007143852,0.17389305020936,0.152321213379203,0.139006132462294,0.132599773350793,0.139346765346176,0.121425986747283,0.209720010943188,0.166766957740836,0.14567212001294,0.212220738836611,0.159961584993606,0.173957216667111,0.232473325502849,0.147715899771611,0.149420515360301,0.218664499673759,0.172155551831451,1800,0.220271285009027,0.218279611500213,0.221988305167628,0.275862068965517,0.208463196548876,0.260190695369173,0.240952461961063,0.320553529152245,0.278408272203523,0.202558215304753,0.259846492018306,0.264227877630128,0.229717196926903,0.255526037502257,0.298849988812874,0.341256980071489,0.261995945032665,0.350064477730384,0.222402954235724,0.271189787550383,0.206208855967638,0.294261675913626,0.256376147098743,0.172604990245405,0.204419889502762,0.322267910527902,0.203778274919215,0.279384088964927,0.378660612939841,0.340955118573202,0.289654507317308,0.22888353814157,0.309795407070355,0.318204296939392,0.193616513211235,0.300058038305281,0.259069219563241,0.258352313733352,0.208675962340603,0.339517689034089,0.259846492018306,0.221097240775715,0.306317742407968,0.276698960107601,0.249979385976967,0.326974486929785,0.255977865070282,0.289403602292052,0.281792470404932,0.245648930880159
0.154066595636738,0.189598059532869,0.160075464680675,0.197106260092023,0.142666147298914,0.147136659002061,0.187983994302248,0.239571119660877,0.180741802493189,0.134458699026357,0.175401085201251,0.180241708306665,0.161651690754017,0.146518148515754,0.234367565396886,0.264738437203206,0.185273578570939,0.268012253912856,0.105886278169619,0.215677008446396,0.140384073545806,0.199670255386909,0.190602823729328,0.118632421020652,0.112762095273411,0.218738774654468,0.128043528468401,0.201933045486405,0.250711754637705,0.246852354402818,0.225728030885868,0.162149729365913,0.206643810187188,0.165551773507653,0.160511176202735,0.206575813230309,0.155267235627134,0.137391579828924,0.124089179972489,0.220387080671412,0.170690901109947,0.156474295481578,0.21524307220975,0.167031842485431,0.170674343422662,0.233793203762369,0.170532894361331,0.14590753082906,0.206405363490832,0.172468835149029,2000,0.220271285009027,0.246806114260669,0.246405918022028,0.263411279229711,0.227631992277909,0.250821479246525,0.240952461961063,0.308732094119927,0.242382901318781,0.201807841835259,0.299507389162562,0.264227877630128,0.229717196926903,0.208935778094724,0.313134356360459,0.32803481386475,0.265388957983482,0.33637192342753,0.199639477242001,0.267515104769251,0.233591198167412,0.316645807259074,0.256376147098743,0.174643476788964,0.198236810076965,0.324618644067797,0.203778274919215,0.279602604113374,0.38293209902901,0.332849842358658,0.289654507317308,0.214419714430205,0.309795407070355,0.266138390636915,0.234134184029508,0.300058038305281,0.231267580072289,0.258352313733352,0.228229414219589,0.334621625683652,0.259846492018306,0.221097240775715,0.306317742407968,0.272493668259432,0.27381974248927,0.326974486929785,0.232264371496158,0.236225020214855,0.313763824544477,0.245648930880159
0.159241360967444,0.180620469366764,0.136418520126732,0.216912023858876,0.141214377761345,0.146475711353123,0.194910554522032,0.235355581506043,0.170482045414966,0.148475378883122,0.177781888123827,0.17906035169837,0.146836214776895,0.146624437255841,0.242495370355675,0.260346417072148,0.164662936092418,0.284139491687916,0.129131283701522,0.217666962298561,0.12486872066151,0.214224049347391,0.194171411745345,0.109491887219165,0.139894103564695,0.239593355761339,0.12001958343152,0.203396902361586,0.281264526294498,0.254972979566238,0.222186668889244,0.167188594444467,0.224245159987107,0.167200821844247,0.166116570496476,0.19099942708776,0.157990954149802,0.150554549093953,0.124261972197892,0.203870631762004,0.167857527514772,0.149735447728719,0.221169469801645,0.173794638649069,0.167926242917264,0.245894699311211,0.162891358889227,0.172295556376069,0.196387605115225,0.155913398608369,2200,0.255169415536777,0.246806114260669,0.246679360874245,0.263411279229711,0.240273020722963,0.251869328114643,0.240952461961063,0.319358330872946,0.256726457399103,0.215269247093739,0.261062640405412,0.293802720287374,0.222022208531803,0.208935778094724,0.340465633496209,0.329193238076352,0.265388957983482,0.33637192342753,0.204719685773464,0.301099172728728,0.233591198167412,0.297354824873186,0.243700680912117,0.207270924191712,0.22794959374235,0.342252092315496,0.213175682034698,0.279602604113374,0.397758804695838,0.379640571077156,0.306268254491206,0.224414957780458,0.342861441251692,0.266138390636915,0.230328764180919,0.300058038305281,0.252196101342752,0.233864971106284,0.25528261555174,0.367826904985889,0.278597495990548,0.255789539854161,0.306317742407968,0.268372346216658,0.245203152685281,0.326974486929785,0.231140001657575,0.236225020214855,0.281792470404932,0.29055894433273
0.159302650401468,0.189643307494629,0.152690019640859,0.211190821181228,0.148808458780622,0.189542675006658,0.195848420117712,0.241423233398109,0.140486029551294,0.147918419201962,0.208840798632248,0.184481772947742,0.13143703623449,0.156614891069473,0.253476053068403,0.264673408377342,0.171419432265993,0.27586631391195,0.11371641937525,0.215032164420918,0.109418283999691,0.214730046240409,0.195480642963155,0.114056177862637,0.122982788599125,0.22745618827691,0.126792001170853,0.193233237488034,0.292019300756715,0.273364178401741,0.237219335158655,0.171672080505258,0.234082487856218,0.204757262176845,0.141438953930882,0.192764650751774,0.188729525848672,0.140866566914364,0.116005538853853,0.222053651025288,0.177565452356174,0.146342942013189,0.237019267883874,0.165770906192699,0.170552698136699,0.241083855969687,0.175828231362332,0.122090002030158,0.206649666728846,0.169147185985576,2400,0.265509690877132,0.269094424750242,0.257286642902076,0.299151945180181,0.250514756348662,0.334149200664717,0.240952461961063,0.339485519103758,0.242382901318781,0.245585873173992,0.261062640405412,0.348445566326488,0.237265506669205,0.220288540059886,0.313134356360459,0.346260715341413,0.265388957983482,0.33637192342753,0.205971000903079,0.293873377900118,0.250597883822717,0.297354824873186,0.287304284299021,0.198028454250799,0.220379146919431,0.32662482044824,0.203778274919215,0.279602604113374,0.436358994151352,0.379640571077156,0.31183332205998,0.236683994894762,0.342861441251692,0.304753423528404,0.223959884817794,0.300058038305281,0.252196101342752,0.239757051298464,0.205802357207616,0.334621625683652,0.278597495990548,0.221097240775715,0.306317742407968,0.299504393101204,0.244514459322606,0.326974486929785,0.26115348735115,0.278043949124128,0.358766321881583,0.29055894433273
0.164073265990598,0.200651356657224,0.171712353512347,0.21490740597061,0.157737486903076,0.198507058888211,0.17198610636741,0.215304527361701,0.174372905851354,0.142827176644268,0.219541485295809,0.186735385759907,0.128482501595737,0.170055653781236,0.260018098283689,0.280074264947309,0.17031334326316,0.277067591760429,0.123741277409,0.230847440355966,0.1156830118435,0.218601017682182,0.195762915742241,0.132786350694443,0.146531357990339,0.245400299566343,0.119610132036353,0.225934170784687,0.2927157633512,0.276361089956671,0.235253004924346,0.144666460408955,0.245495657502154,0.188961673838782,0.158549423212334,0.195403978079992,0.18740440647837,0.161473733886592,0.127627121358033,0.202871951021919,0.18259127499609,0.148089564899603,0.232950043766822,0.182765987278191,0.171348142159564,0.235296480506992,0.158505452222574,0.161569525938371,0.204799318313851,0.15385657121998,2600,0.244118498732397,0.263649223998305,0.279861746467419,0.300615640140105,0.244987324268265,0.315745984529657,0.245816895660454,0.294170428735664,0.245207488199343,0.213194448373609,0.267682326362741,0.348445566326488,0.225416094426784,0.233256002728837,0.35107468225883,0.346260715341413,0.265388957983482,0.33637192342753,0.191666064851592,0.283720930232558,0.194349510138984,0.297354824873186,0.273417721518987,0.184573595460291,0.214219759926131,0.32662482044824,0.21531774901378,0.302426661519014,0.437225473027805,0.392141857488812,0.29409582402634,0.256163781741499,0.342861441251692,0.304753423528404,0.226738354130723,0.300058038305281,0.252196101342752,0.233864971106284,0.198881320763228,0.334621625683652,0.278597495990548,0.221097240775715,0.306317742407968,0.321185232134369,0.286193672062582,0.326974486929785,0.239846433622954,0.30087382605145,0.298894876203967,0.321195607369567
0.170852398905039,0.209486391149179,0.187974538368107,0.208965107540376,0.164619419780422,0.183969705858897,0.183725467514229,0.219547596701257,0.187123838496093,0.165090261745572,0.224189522402087,0.210137429715505,0.13580830178727,0.186639821553204,0.26309266235162,0.28261640026109,0.174578248893292,0.280262191596847,0.125612730838016,0.226098943503818,0.118638817873384,0.210794973296702,0.18767937540177,0.124256340961264,0.125223230108515,0.260870137181942,0.147369373121048,0.227405137076607,0.293242144940242,0.301251347676173,0.21638469213555,0.161086632837946,0.25311666591347,0.183069826102895,0.155906885551904,0.203816856044771,0.151283911276287,0.16049175370063,0.138833699412273,0.217127053895689,0.201769779101248,0.145361081378317,0.273927068902311,0.180710368307492,0.159420693436769,0.226991902932383,0.163079856889263,0.163491200511152,0.225483480231812,0.175127807325602,2800,0.294080316432234,0.255724286839511,0.245648930880159,0.299151945180181,0.236653513175028,0.357281608613699,0.272178763110815,0.297965026738909,0.252671756777433,0.213194448373609,0.261062640405412,0.298094383248025,0.238177418859582,0.233256002728837,0.375360520508965,0.346260715341413,0.265388957983482,0.329300750060489,0.214629451395573,0.283720930232558,0.211545344245486,0.315838711211886,0.290361161985578,0.184573595460291,0.197221167650691,0.32662482044824,0.203778274919215,0.303803256210195,0.436358994151352,0.382341270890978,0.304918358724557,0.256163781741499,0.326670322477932,0.304753423528404,0.222469221628525,0.300058038305281,0.264377435678046,0.254997645808373,0.20373396663414,0.33817275881284,0.278597495990548,0.251571209264468,0.371455983910193,0.321185232134369,0.245058972376803,0.327855419170499,0.212323018830611,0.30087382605145,0.310253187286766,0.301229969239467
0.199069386753851,0.20050427930906,0.168943666064303,0.221307820626568,0.149975454435187,0.21365371438017,0.206340860514782,0.220863683438251,0.170382137056242,0.138860905132845,0.217581201389494,0.212384321757297,0.136684896304565,0.178394523981762,0.25696025437525,0.277312910298299,0.181752828896466,0.270544880938975,0.158829939720444,0.225619991875122,0.144700826241697,0.210507734834807,0.201560503258069,0.133305326128025,0.147735907483869,0.281426056844778,0.132218040952408,0.245622321174841,0.318912276469639,0.307226555339036,0.214835133160028,0.167034034113016,0.25515404196325,0.201891373247263,0.150853120151801,0.192566902378117,0.148998301471496,0.159865991504273,0.130139451672562,0.222634406631807,0.19040398821036,0.148493811644495,0.272675101640864,0.184260007445501,0.157974576667776,0.240343079472088,0.151936874072421,0.172804542635798,0.233708326673751,0.215357385243908,3000,0.321398422262976,0.252739897933573,0.285911570681823,0.327564170838215,0.236653513175028,0.325652569711925,0.271093205237468,0.279102257875524,0.252736030957964,0.213194448373609,0.261062640405412,0.298094383248025,0.204888396180333,0.233256002728837,0.314846819187081,0.346260715341413,0.265388957983482,0.329300750060489,0.211449661791707,0.348841093064587,0.239880292165202,0.311025848759535,0.278068300668455,0.19202846975089,0.258297560464873,0.372499079721031,0.207287373548145,0.346303501945525,0.436358994151352,0.382341270890978,0.290455839703327,0.256163781741499,0.33382030679328,0.304753423528404,0.242638360456566,0.313024588620928,0.252196101342752,0.255090837190909,0.246029919447641,0.334621625683652,0.278597495990548,0.247167565739249,0.371876335911858,0.321185232134369,0.240244897769518,0.326974486929785,0.24461553128065,0.311729902034504,0.302568146382552,0.278180286436394
0.205628051665314,0.18303561381377,0.182686201706479,0.227346397627007,0.156810099772274,0.236797658521793,0.213556139517432,0.225389384128681,0.189246978545415,0.147927487001252,0.210416332029087,0.192849460806161,0.141153954761021,0.171583130959834,0.259878113763853,0.27644131105841,0.179861438923777,0.261267982442713,0.136554362261243,0.253351670529959,0.13514791954545,0.240375261364239,0.200444266895571,0.128101172336374,0.155435379940132,0.302980695040734,0.131195128266078,0.243526088032365,0.311720811917871,0.303734308172758,0.205092584122836,0.185612249100937,0.270210565741978,0.194280946477735,0.157438327434338,0.209781457593491,0.164514359991171,0.149569590961469,0.145607967691927,0.202785637640544,0.203260822771177,0.148176881513093,0.272839001327844,0.201359536373048,0.157670182074835,0.251989030045034,0.154445226930127,0.180834299834195,0.244250086177951,0.210220547548429,3200,0.321398422262976,0.252739897933573,0.297249334516415,0.299151945180181,0.230050805579552,0.352125414879444,0.271093205237468,0.29232457294023,0.272493668259432,0.213194448373609,0.267879565066389,0.298094383248025,0.279086313673681,0.302022560908265,0.3431170388462,0.363618595560519,0.272743917790035,0.331303525387715,0.232214888674863,0.316836940591746,0.196381454956653,0.301038126716633,0.285641206841087,0.217391304347826,0.252900232018561,0.345146485147524,0.220779892428631,0.346303501945525,0.436358994151352,0.410293436312727,0.290455839703327,0.256163781741499,0.33382030679328,0.304753423528404,0.217209182269457,0.300058038305281,0.252196101342752,0.261619137855788,0.198881320763228,0.334621625683652,0.288282663842768,0.266521843813151,0.371876335911858,0.324284334992665,0.249111976087248,0.353885703792871,0.204881976466387,0.321311010662593,0.316266455587176,0.275997685360821
0.20304117989898,0.200572579711542,0.193173653259391,0.227200264794205,0.19042310484338,0.235174322862308,0.21018066462179,0.241614426125673,0.188125429867505,0.150075590984408,0.215621559439839,0.199368330215962,0.136161459041347,0.166958619317493,0.259974942903654,0.265126492061799,0.193544283199941,0.267621165353529,0.135795686860508,0.247966801637217,0.154198259811846,0.243843931940164,0.209678758381337,0.13788304085806,0.179340842278996,0.275299207878688,0.140618418819238,0.244589797117789,0.336076015670268,0.309849916725108,0.211621498459755,0.159216488244182,0.272567835760773,0.183199060098237,0.162839673419635,0.205407640717127,0.146069647702443,0.167398074941578,0.142311185863168,0.203995654552093,0.213715087858579,0.13831518073187,0.276684511462775,0.194581409133111,0.177947272136204,0.274074532470121,0.145001101110465,0.219695702900642,0.217462993592988,0.201587825433966,3400,0.321398422262976,0.258663987945756,0.322043991216644,0.299151945180181,0.268041907984642,0.352125414879444,0.271093205237468,0.304402914159012,0.257014470270415,0.224344298215667,0.285819688173663,0.322216215446467,0.229808312671626,0.219732016840291,0.313134356360459,0.403541695781509,0.279716246897586,0.331303525387715,0.217874914625817,0.316836940591746,0.201222423837265,0.324387574711676,0.285641206841087,0.228661014980838,0.251030064949556,0.348948464489198,0.203778274919215,0.35541013424013,0.436358994151352,0.410293436312727,0.294013733151317,0.256163781741499,0.342861441251692,0.304753423528404,0.217209182269457,0.300058038305281,0.252444420988578,0.239650988919501,0.274368715083799,0.334621625683652,0.286142883930246,0.253256175693168,0.371876335911858,0.327030326240456,0.249111976087248,0.342903137137127,0.219388365503677,0.359185459173527,0.316266455587176,0.303509229014232
0.189730616925631,0.203737174662374,0.171817170011256,0.238409110807852,0.179460765425747,0.223527269337609,0.190249727615488,0.219016409718659,0.200836483669903,0.163904928201165,0.215350078562387,0.207827902655057,0.140418708800872,0.168133424366946,0.25754171464571,0.266101006784751,0.219074431635219,0.263825922242295,0.112497282107037,0.247100842732274,0.146120727114597,0.216971160101475,0.202415622442766,0.125736217566217,0.176533265253672,0.280672718942874,0.13185802997619,0.25364543058534,0.335452301092744,0.292831212187081,0.220006646015209,0.161776060783128,0.276848111102622,0.20606225043855,0.155744306996253,0.210714499411768,0.192102135976326,0.174823720450442,0.142296506407467,0.222851519288468,0.209490121185634,0.14708013229263,0.28117013505537,0.20360894625254,0.192961053400446,0.281351516381505,0.14387897223849,0.210248381513056,0.229294331254547,0.222685731395134,3600,0.321398422262976,0.258663987945756,0.254448618159669,0.299151945180181,0.268041907984642,0.352125414879444,0.271093205237468,0.32662684690349,0.266174268805859,0.231808374687385,0.274258524497955,0.298094383248025,0.240124736257168,0.239625503425911,0.352868683860616,0.346260715341413,0.279716246897586,0.353828793403543,0.219362892913035,0.330311323045354,0.202501394718296,0.283018581062737,0.285641206841087,0.210958904109589,0.242091377254623,0.470027545800359,0.203778274919215,0.346303501945525,0.436358994151352,0.382341270890978,0.297401879491432,0.255758975305236,0.33382030679328,0.304753423528404,0.221228312421204,0.300058038305281,0.264377435678046,0.253876825101091,0.216907112123513,0.338779314382186,0.286142883930246,0.247167565739249,0.371876335911858,0.321185232134369,0.27744197825792,0.344402763335811,0.214896316354576,0.359185459173527,0.356521832669923,0.291852384744357
0.209182044335639,0.203794451507676,0.169976589622421,0.228487647817424,0.197215368495254,0.256423892545753,0.193138566363745,0.208741473090177,0.185382588439203,0.159841753565347,0.210172437026076,0.20594079530754,0.154251962777162,0.179828022260455,0.25684732999348,0.266447699784369,0.216511973009764,0.259828379300402,0.114458694641148,0.25979932622587,0.153645745716877,0.223057055450601,0.223118217413864,0.125736905552271,0.165519679610572,0.271393388098799,0.148833256007648,0.263883686150521,0.336835789554367,0.306115761179128,0.230483521531637,0.175416364085274,0.291869395579055,0.216509715455097,0.163992344875304,0.208730055564756,0.187564738652438,0.18001203621066,0.14987749604418,0.221142918110527,0.214148656120138,0.15158832974063,0.278606653256326,0.228936322125518,0.190474781514555,0.286628281429443,0.159477924565351,0.225468595784118,0.246174709083648,0.203027438511607,3800,0.321398422262976,0.262931034482759,0.30647444669907,0.312261040359063,0.268041907984642,0.352125414879444,0.271093205237468,0.315927646193347,0.279910873570081,0.229293465887531,0.261062640405412,0.298094383248025,0.258663987945756,0.25272122940633,0.313134356360459,0.346260715341413,0.279716246897586,0.344819664599127,0.242903447598468,0.330311323045354,0.201222423837265,0.283018581062737,0.300170849129148,0.209618880728767,0.292976053905288,0.403340579237199,0.203778274919215,0.346303501945525,0.436358994151352,0.405831836688086,0.30486160169546,0.215793437684197,0.342861441251692,0.304753423528404,0.223262904989583,0.300058038305281,0.266450538859196,0.241663146460684,0.258498320058861,0.334621625683652,0.286142883930246,0.247167565739249,0.371876335911858,0.371100711143108,0.286193672062582,0.339852268730215,0.271383463308352,0.382697761448578,0.35215064662839,0.291852384744357
0.225712591780524,0.212116592435812,0.17383846666196,0.231662036719954,0.203784345626942,0.254486569849931,0.192511217268335,0.218656733441965,0.197377189577001,0.154777817994549,0.208995040995374,0.18131663405133,0.145611538662394,0.168213488640258,0.240121270758552,0.285867824452542,0.211210869850387,0.273945115815714,0.143143424088826,0.260839234171655,0.153673273328866,0.225310749443266,0.198001475910123,0.133240094989857,0.155651012804418,0.299062785363412,0.150159022478691,0.283628852066045,0.334007232689575,0.299975994214601,0.224665487370072,0.184330891011145,0.289138423830828,0.215160200967758,0.161465205339998,0.217913148444832,0.21857943674064,0.18148583849819,0.142670679893022,0.224900186167616,0.223329670810762,0.15722988537847,0.270134208001172,0.261575694313742,0.190062560035733,0.314834256862062,0.1697500000787,0.241997895513299,0.237151171391135,0.180687563216871,4000,0.321398422262976,0.258663987945756,0.268149767682958,0.312261040359063,0.268041907984642,0.355557258327537,0.271093205237468,0.300040099941392,0.281215447581829,0.237809440532362,0.268652051614055,0.265837304015178,0.239024390243902,0.232367322366722,0.307671380307904,0.363618595560519,0.292155666009933,0.342969449002806,0.268604182028131,0.346277404993354,0.201222423837265,0.283018581062737,0.331676004600942,0.232926975050073,0.232455422869295,0.418740145656581,0.203778274919215,0.346303501945525,0.436358994151352,0.405831836688086,0.297401879491432,0.243451445066017,0.342861441251692,0.304753423528404,0.223262904989583,0.316890838900407,0.280844924367096,0.239650988919501,0.258498320058861,0.334621625683652,0.286142883930246,0.284827106803702,0.371876335911858,0.371100711143108,0.27744197825792,0.376618315849852,0.238514284384658,0.382365012093732,0.33923875432526,0.291852384744357
